name,score,age,grade
Alice,88.0,20,B
Alice,88.0,20,B
Alice,74.81818181818181,20,C
Bob,75.0,21,B
Bob,75.0,21,B
Charlie,92.0,22,A
Charlie,74.81818181818181,22,C
David,74.81818181818181,23,C
David,45.0,23,F
Grace,85.0,22,B
Hannah,95.0,22,A
