Encoding,Accuracy,Training_Time,Feature_Count
Label,0.7877094972067039,0.01095128059387207,7
OneHot,0.7877094972067039,0.020228862762451172,11
Ordinal,0.7877094972067039,0.00400090217590332,7
