Scaler,Model,Accuracy
Raw,KNN,0.7222222222222222
Raw,SVM,0.8055555555555556
Standard,KNN,0.9444444444444444
Standard,SVM,1.0
MinMax,KNN,0.9444444444444444
MinMax,SVM,1.0
Robust,KNN,0.9444444444444444
Robust,SVM,1.0
