Before,After
0.8268156424581006,0.8268156424581006
